"Athens, AL",21282 Athens-Limestone Blvd,"Athens, AL "
Auburn Alabama,1627 Opelika Road,"Auburn, AL 36830"
"Birmingham, AL",2221 Richard Arrington Junior Blvd,"Birmingham, AL 35203-1103"
Greenville,219 Interstate Drive,"Greenville, AL 36037"
Mobile,3201 Airport Blvd,"Mobile, AL 36606"
"Oxford, AL",1105 Oxford Exchange Blvd,"Oxford, AL 36203-0000"
Steele,905 Steele Station Road,"Steele, AL 35987"
"Buckeye, AZ",416 S Watson Rd,"Buckeye, AZ 85326"
"Casa Grande, AZ",2453 E. Florence Blvd.,"Casa Grande, AZ 85194"
"Cordes Lakes, AZ",14925 Cordes Lakes Rd,"Mayer, AZ 86333"
"Flagstaff, AZ",2650 South Beulah Blvd,"Flagstaff, AZ 86001"
"Gila Bend, AZ",826 W Pima St.,"Gila Bend, AZ 85337"
"Holbrook, AZ",2096 Navajo Blvd,"Holbrook, AZ 86025"
"Kingman, AZ",789 W Beale St,"Kingman, AZ 86401"
Page,600 Clubhouse Drive,"Page, AZ 86040"
"Quartzsite, AZ",1451 West Main St,"Quartzsite, AZ 85346"
"Scottsdale, AZ",15059 N. Scottsdale Rd,"Scottsdale, AZ 85254-2421"
"Tucson, AZ",9255 S Rita Rd,"Tucson, AZ 85747"
"Wickenburg, AZ",155 N Tegner,"Wickenburg, AZ 85390"
"Willcox, AZ",1251 Virginia Avenue,"Willcox,  85643-1022"
"Yuma, AZ",310 N Madison Ave,"Yuma, AZ 85364"
Little Rock,11201 Bass Pro Parkway,"Little Rock, AR "
"Atascadero, CA",6950 El Camino Real,"Atascadero, CA 93422"
"Baker, CA",71808 Baker Blvd,"Baker, CA 92309-0000"
Bakersfield,29541 Stockdale Hwy,"Bakersfield, CA 93314"
Barstow,2812 Lenwood Road,"Barstow, CA 92311"
"Buellton, CA",555 McMurray Rd,"Buellton, CA 93427"
Buena Park,6692 Auto Center Drive,"Buena Park, CA 90621"
Burbank ,495 North Third Street,"Burbank, CA 91502"
Buttonwillow,20673 Tracy Ave.,"Buttonwillow, CA 93206"
Cabazon,48400 Seminole Drive,"Cabazon, CA 92230"
"Corning, CA",950 Hwy 99 W,"Corning, CA 96021"
Crescent City,1000 Front Street,"Crescent City, CA 95531"
Culver City,6000 Sepulveda Blvd.,"Culver City, CA 90230"
Dublin,6701 Amador Plaza Road,"Dublin, CA 94568"
El Centro,3551 S Dogwood Rd,"El Centro, CA 92243"
Eureka,3300 Broadway St.,"Eureka, CA 95501"
Fish Camp,1122 Highway 41,"Fish Camp, CA 93623"
Folsom,220 Palladio Parkway,"Folsom, CA 95630"
"Folsom, CA",220 Iron Point Rd,"Folsom, CA 95630"
Fountain Valley,17940 Newhope St,"Fountain Valley, CA 92708"
Fremont,45500 Fremont Blvd,"Fremont, CA 94538"
Fresno,6709 N Riverside Dr,"Fresno, CA 93722"
Gilroy,Gilroy Premium Outlets,"Gilroy, CA 95020"
Groveland,11875 Ponderosa Lane,"Groveland, CA 95321"
Gustine,12411 CA-33,"Gustine, CA 95322"
Harris Ranch,24505 W Dorris Ave,"Coalinga, CA 93210"
Indio,42100 Jackson St,"Indio, CA 92203"
Inyokern,1353 Brown Road,"Inyokern, CA 93527"
"Kettleman City, CA",27675 Bernard Drive,"Kettleman City, CA 93239"
Lone Pine,701 S Main St,"Lone Pine, CA 93545"
Los Angeles,1 Rocket Rd,"Hawthorne, CA 90250"
Mammoth Lakes,1475 Tavern Road,"Mammoth Lakes, CA 93546"
Manteca,960 Perimeter Dr,"Manteca, CA 95337"
Mojave,16940 California 14,"Mojave, CA 93501"
Monterey,1410 Del Monte Center,"Monterey, CA 93940-6168"
Monterey,1901 Del Monte Blvd,"Seaside, CA 93955"
Mountain View,1401 N. Shoreline Blvd.,"Mountain View, CA 94043"
Mt. Shasta,111 Morgan Way,"Mt. Shasta, CA 96067"
"Mt. Shasta, CA",134 Morgan Way,"Mt. Shasta, CA 96067-2501"
Napa,221 Devlin Rd,"Napa, CA 94558"
Needles,2451 Needles HWY,"Needles, CA 92363"
Oxnard,2751 Park View Ct,"Oxnard, CA 93036"
Petaluma,401 Kenilworth Drive,"Petaluma, CA 94952"
Rancho Cucamonga,12642 Cultural Center Dr.,"Rancho Cucamonga, CA 91739"
Redondo Beach,2410 Marine Avenue,"Redondo Beach, CA 90278"
"Riverside, CA",3370 9th St,"Riverside,  92501"
"Roseville, CA",1151 Galleria Blvd,"Roseville, CA 95678"
"Sacramento, CA",3668 N. Freeway Blvd,"Sacramento, CA 95834-0000"
Sacramento,4361 Granite Drive,"Rocklin, CA 95677"
"Salinas, CA",1606 North Main Street,"Salinas, CA 93906-5102"
"San Clemente, CA",101 West Avenida Vista Hermosa,"San Clemente, CA 92672-7706"
San Diego,10155 Pacific Heights Blvd,"San Diego, CA 92121"
"San Juan Capistrano, CA",31971 Camino Capistrano,"San Juan Capistrano, CA 92675"
San Mateo,1200 Park Place,"San Mateo, CA 94403"
"San Mateo, CA",2220 Bridgepointe Pkwy,"San Mateo, CA 94404-1569"
Santa Ana,2800 N. Main Street,"Santa Ana, CA 92705-6607"
Tejon Ranch,5602 Dennis McCarthy Dr,"Lebec, CA 93243"
Temecula,40820 Winchester Rd.,"Temecula, CA 92591"
Truckee Brockway Road,11209 Brockway Road,"Truckee, CA 96161"
Truckee Donner Pass,11290 Donner Pass Rd,"Truckee, CA 96161"
Twentynine Palms,73829 Baseline Road,"Twentynine Palms, CA 92277-4125"
Ukiah,250 W Clay St.,"Ukiah, CA 95482"
Vacaville,321 Nut Tree Road,"Vacaville, CA 95687"
"Yermo, CA",36017 Calico Road,"Yermo, CA 92398"
Brush,1156  CO-71,"Brush, CO 80723-2902"
Colorado Springs,215 North Cascade Avenue,"Colorado Springs, CO 80903"
"Denver, CO",4310 Airport Way,"Denver, CO 80239"
"Glenwood Springs, CO",125 Wulfsohn Rd,"Glenwood Springs, CO 81601"
"Grand Junction, CO",2424 U.S-6,"Grand Junction, CO 81505"
"Limon, CO",2221 6th St.,"Limon, CO 80828"
"Lone Tree, CO",8401 Park Meadows Center Drive,"Lone Tree, CO 80124-5128"
Loveland,4705 Clydesdale Parkway,"Loveland, CO 80538-9347"
"Silverthorne, CO",309 Rainbow Dr,"Silverthorne, CO 80498"
Trinidad,9960 Santa Fe Trail,"Trinidad, CO 81082"
"Darien, CT North",I-95 North after exit 12,"Darien, CT 06820"
"Darien, CT South",I-95 South after exit 10,"Darien, CT 06820"
"Greenwich, CT North",3000 Merritt Parkway,"Greenwich, CT 6830"
"Greenwich, CT South",2000 Merritt Parkway,"Greenwich, CT 6830"
"Manchester, CT",1470 Pleasant Valley Road,"Manchester, CT 06042-8764"
Milford,1201 Boston Post Road,"Milford, CT 6460"
"Milford, CT North",Milford Travel Plaza,"Milford, CT 6460"
"Milford, CT South",Travel Plaza,"Milford, CT 6460"
West Hartford,1445 New Britain Ave.,"West Hartford, CT 6110"
"Lewes, DE",17663 Dartmouth Drive,"Lewes, DE 19958-4203"
Newark,530 JFK Memorial Highway,"Newark, DE 19725"
"Brandon, FL",2400 W Brandon Blvd,"Brandon, FL 33511"
DeFuniak Springs,Corner of Baldwin Ave. &amp; 10th Street,"DeFuniak Springs, FL 32435"
Florida City,33505 South Dixie Hwy,"Florida City, FL "
Fort Drum,184 Florida's Turnpike,"Okeechobee, FL 34972"
"Fort Myers, FL",Gulf Coast Town Center,"Fort Myers, FL 33913"
"Lake City, FL",2941 W US Hwy 90,"Lake City, FL 32055"
Live Oak,6458 US-129,"Live Oak, FL 32060"
Marathon,9400 Overseas Hwy.,"Marathon, FL 33050"
Naples,499 Bayfront Place,"Naples, FL 34102-6454"
"Ocala, FL",4414 SW College Rd,"Ocala, FL 34474"
Pinellas Park,3101 Gandy Blvd,"Pinellas Park,  33782-6203"
Plantation,801 S. University Drive,"Plantation, FL 33324"
"Port Orange, FL",5302 S. Williamson Blvd,"Port Orange, FL 32128"
"Port St. Lucie, FL",1701 NW Peacock Blvd,"Port St. Lucie, FL 34986"
Sarasota,5903 Honore Ave,"Sarasota, FL 34238"
"St. Augustine, FL",2700 Florida 16,"St. Augustine, FL 32092"
Tallahassee,3528 Thomasville Rd,"Tallahassee, FL 32308"
Turkey Lake,Florida Turnpike,"Turkey Lake, FL 32835"
"West Melbourne, FL",206 Palm Bay Road,"West Melbourne, FL 32904-0000"
West Palm Beach,4651 Dyer Blvd,"West Palm Beach, FL 33407"
Atlanta,1380 Atlantic Drive NW,"Atlanta, GA 30363"
Atlanta-Decatur,1580 Church St,"Decatur, GA 30033"
"Augusta, GA",1069 Stevens Creek Road,"Augusta, GA 30907"
Kingsland,1190 East Boone Avenue,"Kingsland, GA 31548"
Macon Georgia,450 Martin Luther King Jr Blvd,"Macon, GA 31201"
"Savannah, GA",400 Airways Avenue,"Savannah, GA 31408"
"Tifton, GA",1204 U.S. 82,"Tifton, GA 31794"
Boise,1426 South Entertainment Ave,"Boise, ID 83709"
Coeur d'Alene,3458 N Fruitland Lane,"Coeur d'Alene, ID 83815"
Idaho Falls,940 Pier View Drive,"Idaho Falls, ID 83402"
Pocatello,1399 Bench Road,"Pocatello, ID 83201"
Twin Falls,2015 Neilsen Point Place,"Twin Falls, ID 83301"
Bolingbrook,755 E. Boughton Road,"Bolingbrook, IL 60440-2250"
"Champaign, IL	",2401 North Prospect Avenue,"Champaign, IL 61822"
"Chicago, IL",3030 North Broadway,"Chicago, IL 60657"
"Chicago, IL",225 North Columbus Drive,"Chicago, Illinois 60601-7910"
"Chicago, IL",1100 South Canal Street,"Chicago, IL 60607"
Chicago-Highland Park,1200 Old Skokie Valley Road,"Highland Park, IL 60035"
"Country Club Hills, IL",4201 167th St.,"Country Club Hills, IL 60478"
Effingham,1200 N. Keller Drive,"Effingham, IL 62401"
Mt. Vernon,222 Potomac Blvd.,"Mt. Vernon, IL 62864-6750"
"Normal, IL",11 Uptown Circle,"Normal, IL 61761"
North Aurora,151 Hansen Blvd,"North Aurora, IL 60542"
"Peru, IL",1651 Midtown Road,"Peru, IL 61354"
"Rockford, IL",7200 Harrison Ave,"Rockford, IL 61112"
"Rolling Meadows, IL",1301 Meijer Drive,"Rolling Meadows, IL 60008-4205"
"Skokie, IL",5507 Touhy Avenue,"Skokie, IL 60077"
Springfield Illinois,3801 S. MacArthur Blvd.,"Springfield, IL 62704"
"Angola, IN",3855 Indiana 127,"Angola, IN 46703"
"Fort Wayne, IN","6309 Lima Road
","Fort Wayne, IN 46818"
"Indianapolis, IN",5120 Victory Dr,"Indianapolis, IN 46201"
"Lafayette, IN",4901 State Rd. 26E,"Lafayette, IN 47905"
"Mishawaka, IN",6501 Grape Rd,"Mishawaka, IN 46545"
"Terre Haute, IN",5600 E. New Margaret Dr.,"Terre Haute, IN 47803"
Coralville,1914 8th Street,"Coralville, IA 52241"
Council Bluffs,3815 Metro Drive,"Council Bluffs, IA 51501"
Davenport,4064 E 53rd St,"Davenport, IA 52807"
Dows,904 Cardinal Lane,"Dows,  50071-8004"
West Des Moines,1725 Jordan Creek Parkway,"West Des Moines, IA 50266"
"Colby, KS",700 E Horton Ave,"Colby, KS 67701-3746"
"Goodland, KS",2631 Enterprise Rd,"Goodland, KS 67735"
"Hays, KS",4101 Vine St,"Hays, KS 67601"
"Salina, KS",755 W. Diamond Dr.,"Salina, KS 67401"
"Topeka, KS",5930 SW Huntoon St,"Topeka, KS 66614"
Wichita Kansas,4760 S. Broadway Street,"Wichita, KS 67216"
Bowling Green ,1676 Westpark Drive,"Bowling Green, KY 42104"
Kuttawa,62 Days Inn Dr,"Kuttawa, KY 42055-5954"
Lexington,2155 Paul Jones Way,"Lexington, KY 40509"
London,140 Faith Assembly Church Road,"London, KY 40741"
Louisville,2120 Gardiner Ln,"Louisville, KY 40205"
Alexandria,701 4th Street,"Alexandria, LA 71301"
Baton Rouge,3535 Perkins Road,"Baton Rouge, LA 70808"
Lake Charles,1772 W Prien Lake Road,"Lake Charles, LA 70601"
Monroe,4919 Pecanland Mall Drive,"Monroe, LA 71203"
Shreveport,1133 St. Vincent Ave.,"Shreveport, LA 71104"
Slidell,1303 Town Center Pkwy,"Slidell, LA 70458"
"Augusta, ME",197 Civic Center Drive,"Augusta, ME 4330"
Brewer,5 Walton Dr,"Brewer, ME 4412"
"Freeport, ME",95 Main Street,"Freeport, ME 04032-1217"
Aberdeen,"I-95 Aberdeen, Maryland","Aberdeen, MD 21001-0000"
"Gaithersburg, MD",9811 Washingtonian Blvd,"Gaithersburg, MD 20878-7306"
Grasonville,108 Jackson Creek Road,"Grasonville, MD 21638-1086"
"Hagerstown, MD",495 Prime Outlets Blvd,"Hagerstown, MD 21740"
La Vale,11601 Winchester Road,"La Vale, MD 21502"
Laurel,14700 Baltimore Ave,"Laurel, MD 20707"
"National Harbor, MD",165 Waterfront Street,"National Harbor, MD 20745"
"North East, MD",John F Kennedy Memorial Hwy,"North East, MD 21901-0000"
"Salisbury, MD",2300 North Salisbury Blvd.,"Salisbury, MD 21801"
Auburn Massachusetts,385 Southbridge St.,"Auburn, MA 1501"
Boston,800 Boylston Street,"Boston, Massachusetts 02199"
"Boston, MA",101 Allstate Road,"Boston, MA 02125-1663"
"Cambridge, MA",100 Cambridgeside Place,"Cambridge, MA 02141-2215"
Dedham,840 Providence Highway,"Dedham, MA 2026"
Lee,10 Pleasant St.,"Lee, MA 1238"
"Leominster, MA",100 Commercial Road,"Leominster, MA 01453-3333"
"Sagamore Beach, MA",22 Meetinghouse Ln,"Sagamore Beach, MA 2562"
West Springfield,935 Riverdale Street,"West Springfield, MA 1089"
Ann Arbor,3145 Ann Arbor-Saline Road,"Ann Arbor, MI 48103"
Bay City,2980 E Wilder Rd,"Bay City, MI 48706-9213"
Cadillac,8605 E. 34 Road,"Cadillac, MI 49601"
Grand Rapids,5531 28th Street SE,"Grand Rapids, MI 49512"
Lansing,2025 Showtime Drive,"Lansing, MI 48912"
"Livonia, MI",13070 Middlebelt Rd,"Livonia, MI 48150-0000"
Ludington,3900 W US Hwy 10,"Ludington, MI 49431-7612"
Marshall,15252 US Highway 27 N,"Marshall, MI 49068-9620"
Port Huron,500 Thomas Edison Parkway,"Port Huron, MI 48060"
"Roseville, MI",30800 Little Mack Avenue,"Roseville, MI 48066-1700"
"St. Joseph, MI",3260 Niles Rd,"St. Joseph, MI 49085"
Traverse City,3955 US Highway 31 South,"Traverse City, Michigan 49684"
"Albert Lea, MN",811 E Plaza St,"Albert Lea, MN 56007"
Baxter,6967 Lake Forest Road,"Baxter, MN 56425"
Clearwater,950 MN-24,"Clearwater, MN 55320"
Duluth,200 West 1st Street,"Duluth, MN 55802"
Hinckley,404 Fire Monument Road,"Hinckley, MN 55037"
Oakdale,7180 10th St N,"Oakdale, MN 55128"
"Rochester, MN",500 Crossroads Dr,"Rochester, MN 55902-2183"
"Sherburn, MN",600 MN-4 ,"Sherburn, MN 56171-0000"
"Worthington, MN",1290 Ryans Rd,"Worthington, MN 56187"
Grenada,2030 Sunset Dr,"Grenada, MS 38901-2826"
Meridian,1210 Bonita Lakes Drive,"Meridian, MS 39301"
"Pearl, MS",200 Bass Pro Drive,"Pearl, MS 39208"
Tupelo,1001 Barnes Crossing Rd,"Tupelo, MS 38804-0902"
Columbia,915 Port Way,"Columbia, MO 65201"
Independence,18011 E Bass Pro Drive,"Independence, MO 64055"
Joplin,3615 Range Line Rd.,"Joplin, MO 64804-4447"
Miner,2612 E Malone Ave.,"Miner, MO 63801"
Osage Beach,929 Hwy D,"Osage Beach, MO 65065-3169"
Rolla,1705 Martin Springs Drive,"Rolla, MO 65401"
"Springfield, MO",3050 N. Kentwood Ave.,"Springfield, MO 65803-4414"
St. Charles,2021 Zumbehl Road,"St. Charles, MO 63303"
"Big Timber, MT",228 Big Timber Loop Rd,"Big Timber, MT 59011"
"Billings, MT",1801 Majestic Ln,"Billings, MT 59102"
"Bozeman, MT",2023 Commerce Way,"Bozeman, MT 59715"
Butte,2900 Harrison Ave.,"Butte, MT 59701"
"Lima, MT",108 Bailey Street,"Lima, MT 59739"
Missoula,5280 Grant Creek Rd,"Missoula, MT 59808"
Superior,205 4th Ave. East,"Superior, MT 59872"
West Yellowstone,,"West Yellowstone, MT 59758"
Gothenburg,318 Platte River Road,"Gothenburg, NE 69138-2610"
Grand Island,3335 West Wood River Road,"Grand Island, NE 68803-9117"
"Lincoln, NE",5020 N 27th Street,"Lincoln, NE 68521-1196"
Ogallala,501 Stagecoach Trail,"Ogallala, NE 69153-3118"
Sidney,645 Cabela Drive,"Sidney, NE 69162-3047"
"Beatty, NV",900 Hwy 95 N,"Beatty, NV 89003"
Elko,2755 Mountain City Highway,"Elko, NV 89801"
Gardnerville,1979 US 395,"Gardnerville, NV 89410"
Hawthorne,705 Hwy 362 Hawthorne,"Hawthorne, NV 89415"
Las Vegas Blvd South,6509 S Las Vegas Blvd,"Las Vegas, NV 89119-3240"
"Las Vegas, NV",701 Bridger Ave,"Las Vegas, NV 89101"
Lovelock,150 Main St.,"Lovelock, NV 89419"
Primm,31900 Las Vegas Blvd S,"Primm, NV 89019"
Reno,3800 S Virginia St.,"Reno, NV 89502"
Stateline,50 US-50,"Stateline, NV 89449"
Tonopah,171 Main St.,"Tonopah, NV 89049"
West Wendover,810 W Wendover Blvd.,"West Wendover, NV 89883"
Winnemucca,1985 W Winnemucca Blvd.,"Winnemucca, NV 89446"
Hooksett (Northbound),Northbound I-93,"Hooksett, NH 3106"
Hooksett (Southbound),Southbound I-93,"Hooksett, NH 3106"
Lincoln,22 South Mountain,"Lincoln, NH 3251"
Seabrook,700 Lafayette Road,"Seabrook, NH 3874"
West Lebanon,285 N. Plainfield Road,"West Lebanon, NH 3784"
"Burlington, NJ",2060 US-130,"Burlington, New Jersey 08016-0000"
Cranbury,Mile Marker 71.7 New Jersey Turnpike,"Cranbury, NJ 8512"
East Brunswick,Mile Marker 78 New Jersey Turnpike North,"East Brunswick, NJ 8816"
"Edison, NJ",55 Parsonage Rd.,"Edison, NJ 8837"
Egg Harbor Township,3121 Fire Road,"Egg Harbor Township, NJ 8234"
Hamilton Township,425 Market Place Blvd,"Hamilton, NJ 8691"
Paramus,530 Route 17 N,"Paramus, NJ 07652"
Tinton Falls,1 Premium Outlets Blvd,"Tinton Falls, NJ 7753"
Albuquerque,2600 Menaul Blvd NE,"Albuquerque, NM 87107"
"Deming, NM",1695  US-180,"Deming,  88030"
"Farmington, NM",4200 Sierra Vista Drive,"Farmington, NM 87402"
"Gallup, NM",111 Twin Buttes Rd,"Gallup, NM 87301"
"Las Vegas, NM",2500 N. Grand Ave.,"Las Vegas, NM 87701"
Santa Fe,8380 Cerrillos Rd,"Santa Fe, NM 87507-4415"
Santa Rosa,2516 Historic Route 66,"Santa Rosa, NM 88435"
Truth or Consequences,2201 F.G. Amin Street,"Truth or Consequences, NM 87901"
Tucumcari,2624 S Adams St.,"Tucumcari, NM 88401"
"Albany, NY",131 Colonie Center,"Albany, NY 12205"
Binghamton,1062 Front Street,"Binghamton, NY 13905"
"Brooklyn, NY",113 N. 12th Street,"Brooklyn, NY 11249"
Buffalo,4455 Transit Road,"Buffalo, NY 14221"
"Clinton Corners, NY",2300 Salt Point Turnpike,"Clinton Corners,  12514-2025"
Erwin,125 Victory Hwy,"Erwin, NY 14870"
Guilderland,1 Crossgates Mall Road,"Guilderland, NY 12203"
JFK,150th Ave and 147th St,"Queens, NY 11430"
Kingston,640 Washington Ave.,"Kingston, NY 12401"
Long Island,7 Aerial Way,"Syosset, NY 11791"
Newburgh,1217 NY-300,"Newburgh, NY 12550"
Plattsburgh,60 Smithfield Blvd,"Plattsburgh, NY 12901"
Queensbury,578 Aviation Road,"Queensbury, NY 12804"
Southampton,850 County Road 39,"Southampton, NY 11968"
Syracuse,441 Electronics Parkway,"Liverpool, NY 13088"
Tarrytown,600 White Plains Road,"Tarrytown, NY 10591-5104"
Utica,50 Auert Ave.,"Utica, NY 13501"
Victor,7979 Pittsford Victor Rd,"Victor, NY 14564"
Waterloo,1133  Route 414,"Waterloo, NY 13165"
Watertown,21182 Salmon Run Mall Loop W,"Watertown, NY 13601"
Asheville,800 Brevard Road,"Asheville, NC 28806"
"Burlington, NC",1080 Piper Ln,"Burlington, NC 27215"
Charlotte,2720 W Mallard Creek Church Rd,"Charlotte, NC 28262"
"Fayetteville, NC",1965 Cedar Creek Road,"Fayetteville, NC 28312"
"Greensboro, NC",5421 Hornaday Road,"Greensboro, NC 27407-2747"
Lumberton,5093 Fayetteville Rd.,"Lumberton, NC 28358"
"Plymouth, NC",840 U.S. 64,"Plymouth, NC 27962"
"Raleigh, NC",Lassiter at North Hills Ave,"Raleigh, NC 27609-5780"
"Rocky Mount, NC",651 N. Winstead Avenue,"Rocky Mount, NC 27804"
Wilmington,6835 Conservation Way,"Wilmington, NC 28405-4191"
"Cambridge, OH",2101 Southgate Parkway,"Cambridge, OH 43725-3080"
Cincinnati,9111 Blue Ash Road,"Cincinnati, OH 45242"
"Dayton, OH",9200 N Main Street,"Dayton, OH 45415"
Grove City,2221 Stringtown Rd,"Grove City, OH 43123"
Lima,1933 Roschman Ave.,"Lima, OH 45804"
"Macedonia, OH",8210 Macedonia Commons Blvd.,"Macedonia, OH 44056"
"Maumee, OH",1391 Conant Street,"Maumee, OH 43537"
Mt. Gilead,6200 State Route 95,"Mt. Gilead, OH 43338-9548"
"Toledo, OH",1500 E. Alexis Road,"Toledo, OH 43612-3952"
Ardmore,322 Holiday Drive,"Ardmore, OK 73401"
Catoosa,777 W. Cherokee St.,"Catoosa, OK 74015"
Oklahoma City,7624 West Reno Ave #380,"Oklahoma City, OK 73127"
Perry,2812 Fir Street,"Perry, OK 73077"
Weatherford,1301 N Airport Rd,"Weatherford, OK 73096"
Baker City,1 Sunridge Lane,"Baker City, OR 97814"
Bandon,120 Michigan Ave. NE,"Bandon, OR 97411"
Bend,61535 S Highway 97,"Bend, OR 97702"
"Detroit, OR",210 D Street,"Detroit, OR 97342"
Grants Pass,1900 NW 6th St.,"Grants Pass, OR 97526"
Klamath Falls,2655 Shasta Way,"Klamath Falls, OR 97603-4455"
Lincoln City,1500 SE East Devils Lake Rd.,"Lincoln City, OR 97367"
Pendleton,46510 Wildhorse Blvd.,"Pendleton, OR 97801"
Sandy,16625 SE 362nd Dr.,"Sandy, OR 97055"
"Seaside, OR",1111 N Roosevelt Dr,"Seaside, OR 97138"
"Springfield, OR",919 Kruse Way,"Springfield, OR 97477"
"The Dalles, OR",2114 West 6th Street,"The Dalles, OR 97058"
Woodburn,255 N Arney Rd,"Woodburn, OR 97071"
Allentown,4680 Broadway,"Allentown, PA 18104"
"Bellefonte, PA",170 Buckaroo Ln,"Bellefonte, PA 16823-9119"
Bloomsburg,11 Ricky Ave.,"Bloomsburg, PA 17815"
Breezewood,16417 Lincoln Highway,"Breezewood, PA 15533"
"Carlisle, PA",1720 Harrisburg Pike,"Carlisle, PA 17015"
"Cranberry Township, PA",1308 Freedom Rd,"Cranberry Township, PA 16066"
Erie,2225 Down Drive,"Erie, PA 16509"
Falls Creek,1867 Rich Highway,"Falls Creek,  15840-9515"
"Franklin Park, PA",2615 Nicholson Road &amp; Wexford Bayne Road,"Franklin Park, PA 15143-8504"
Harrisburg,3819 Union Deposit Rd,"Harrisburg, PA 17109"
Hermitage,2381 S. Hermitage Road,"Hermitage, PA 16148"
Moosic,1035 Shoppes Blvd,"Moosic, PA 18507-2140"
"North Huntingdon, PA",7821 U.S. 30,"North Huntingdon, PA 15642-0000"
"Somerset, PA",1030 North Center Avenue,"Somerset, PA 15501"
Tannersville,1000 Premium Outlets Dr,"Tannersville, PA 18372"
"East Greenwich, RI",1000 Division St,"East Greenwich, RI 2818"
"Columbia, SC",8910 Farrow Road,"Columbia, SC 29203-9729"
"Florence, SC",2701 David H McLeod Blvd,"Florence, SC 29501-4043"
Greenville,108 Carolina Point,"Greenville, SC 29605"
Myrtle Beach,2000 Coastal Grand Circle,"Myrtle Beach, SC 29577-9798"
"Santee, SC",114 Bradford Blvd,"Santee, SC 29142"
"Mitchell, SD",1305 W. Havens Street,"Mitchell, SD 57301"
"Murdo, SD",302 W 5th St.,"Murdo, SD 57559"
"Oacoma, SD",1000 E Dakota Highway 16,"Chamberlain, SD 57365-0000"
"Rapid City, SD",2200 N. Maple Ave,"Rapid City, SD 57701"
"Sioux Falls, SD",1900 South Marion Rd,"Sioux Falls, SD 57106-3636"
"Spearfish, SD",3275 Old Belle Rd,"Spearfish, SD 57783-6222"
"Bristol, TN",416 Pinnacle Parkway,"Bristol, TN "
"Chattanooga, TN",1001 Airport Road,"Chattanooga, TN 37421"
"Cookeville, TN",377 West Jackson Street,"Cookeville, TN 38501-5930"
"Dickson, TN",100 Barzani Blv,"Dickson, TN 37055-0000"
"Jackson, TN",56 Casey Jones Lane,"Jackson, TN 38305-2481"
Knoxville,10936 Parkside Dr,"Knxoville, TN 37934"
"Memphis, TN",6073 Park Avenue,"Memphis, TN 38119-5322"
Nashville,1641 Westgate Circle,"Nashville, TN 37027"
Amarillo,8231 West Amarillo Blvd.,"Amarillo, TX 79124"
Arlington,1200 Ballpark Way,"Arlington, TX 76011-5110"
"Austin, TX",6406 N. Interstate 35 Frontage Road,"Austin, TX 78752-0000"
Channelview,16311 East Fwy,"Channelview, TX 777530"
Childress,"1300 Ave F NW Childress, Texas","Childress, TX 79201"
Cisco,16851 IH 20,"Cisco, TX 76437"
"Columbus, TX",2535 Texas 71,"Columbus, TX 78934"
Corsicana,2035 Interstate 45 Frontage Rd,"Corsicana, TX 75109"
Denton,2700 West University Drive,"Denton, TX 76201"
El Paso,6401 South Desert Boulevard,"El Paso, TX 79932-8515"
Flatonia,1415 FM 609,"Flatonia, TX 78941"
Houston,14820 North Fwy,"Houston, TX 77090"
"Huntsville, TX",148 Interstate 45,"Huntsville, TX 77340"
"Italy, TX",1021 Dale Evans Drive,"Italy, TX 76651"
Junction,2415 N Main Street,"Junction, TX 76849-3104"
Kingsville,2400  South US Hwy 77,"Kingsville, TX 78363-2844"
"Laredo, TX",110 Calle Del Norte Drive,"Laredo, TX 78041-9143"
Lindale,17044 I-20,"Lindale, TX 75771"
McAllen,800 Convention Center Blvd,"McAllen,  78501-0018"
Midland,Love’s Travel Stop,"Midland, TX 79706-3525"
Nacogdoches,2615 NW Stallings Dr,"Nacogdoches, TX 75964-2629"
Ozona,1307 Ave. A,"Ozona, TX 76943"
"San Marcos, TX",3939 Interstate 35,"San Marcos, TX 78666"
Shamrock,107 East 12th Street,"Shamrock, TX 79079"
Sulphur Springs,300 W Tomlinson Street,"Sulphur Springs, TX 75482"
Sweetwater,300 SE Georgia Ave.,"Sweetwater, TX 79556"
Texarkana,3101 Mall Drive,"Texarkana, TX 75503-2434"
Three Rivers,2645 S. Hwy 37,"Three Rivers, TX 78071"
Van Horn,1921 Frontage Rd,"Van Horn, TX 79855"
Victoria,3107 S Laurent St.,"Victoria, TX 77901"
Waco,701 Interstate 35,"Bellmead, TX 76705"
"Beaver, UT",Littlefield Interchange,"Beaver, UT 84713"
"Blanding, UT",12 N Grayson Parkway,"Blanding, UT 84511"
"Green River, UT",1765 East Main,"Green River, UT 84525"
"Moab, UT",16 South Main Street,"Moab, UT 84532"
"Nephi, UT",2100 S Main Street,"Nephi, UT 84648"
Price,925 Westwood Blvd.,"Price, UT 84501"
"Richfield, UT",20 W 1400 N,"Richfield, UT 84701"
Salt Lake City,2312 South State Street,"South Salt Lake City, UT 84115"
St. George,1091 N Bluff St,"St. George, UT 84770"
Tooele,1568 East Saddleback Blvd.,"Tooele, UT 84074"
Tremonton,2145 W Main Street,"Tremonton, UT 84337"
"Berlin, VT",213 Paine Turnpike N,"Berlin, VT 05602"
Brattleboro,499 Canal Street,"Brattleboro, VT 5301"
South Burlington,222 Dorset Street,"South Burlington, VT 05043"
"Charlottesville, VA",2100 Hydraulic Road,"Charlottesville, Virgina 22901-0000"
Chester,11701 Jefferson Davis Highway,"Chester, VA 23831"
"Glen Allen, VA",9950 Brook Rd,"Glen Allen, VA 23059"
Lexington,880 N Lee Hwy,"Lexington, VA 24450"
"Mt. Jackson, VA",227 Conicville Rd,"Mt. Jackson, VA 22842"
Norfolk,5900 E Virginia Beach Blvd,"Norfolk, VA 23502"
"Richmond, VA",4441 S Laburnum Ave,"Richmond, VA 23231-0000"
"South Hill, VA",1791 North Mecklenburg Avenue,"South Hill, VA 23970"
Strasburg,119 Hite Lane,"Strasburg, VA 22657"
Woodbridge,2700 Potomac Mills Circle,"Woodbridge, VA 22192"
Wytheville,165 Malin Drive,"Wytheville, VA 24382"
Aberdeen,416 Wishkah Street,"Aberdeen, WA 98520-4133"
"Arlington, WA",3438 Stoluckquamish Lane,"Arlington, WA "
"Burlington, WA",9384 Old Highway 99 North,"Burlington, WA 98233"
Centralia,1200 Lum Rd,"Centralia, WA 98531"
Ellensburg,1620 Canyon Rd,"Ellensburg, WA 98926"
Kennewick,2811 West 10th Ave,"Kennewick, WA 99336"
"Lynnwood, WA",2902 164th Street SW,"Lynnwood, WA 98087"
"Monroe, WA",18805 US-2,"Monroe, WA "
Ritzville,105 W Galbreath Way,"Ritzville, WA 99169"
Sequim,1441 E Washington Street,"Sequim, WA 98382-3503"
"Charleston, WV",2 Kanawha Boulevard E,"Charleston, WV 25301"
"Huntington, WV",432 18th Street West,"Huntington, WV 25704-1509"
Morgantown,21 Asturias Lane,"Morgantown, WV 26508-1324"
"Weston, WV",39 Berlin Road,"Weston, WV 26452-8367"
"Martinsburg, WV",1465  Edwin Miller Blvd,"Martinsburg, WV 25401"
"Triadelphia, WV",35 Bob Wise Drive,"Triadelphia, WV 26059"
"Eau Claire, WI",4601 Keystone Crossing,"Eau Claire, WI 54701"
"Howard, WI",2015 Shawano Avenue,"Howard, Wisconsin 54303-2606"
La Crosse,2845 Midwest Dr,"Onalaska, WI 54650"
"Madison, WI",3801 E. Washington Ave,"Madison, WI 53704"
"Madison, WI",89 East Towne Mall,"Madison, WI 53704"
"Mauston, WI",640 McEvoy St,"Mauston, WI 53948"
"Oak Creek, WI",171 West Town Square Way,"Oak Creek, WI 53154-6801"
"Oshkosh, WI",2415 Westowne Avenue,"Oshkosh, WI 54904-7776"
"Pleasant Prairie, WI",11211 120th Ave,"Pleasant Prairie, WI 53158"
Sheboygan,595 S Taylor Drive,"Sheboygan, WI 53081"
"Wausau, WI",2101 North Mountain Rd,"Wausau, WI 54401-8117"
"Cheyenne, WY",1400 Dell Range Blvd.,"Cheyenne, WY 82009"
Evanston,101 Wasatch Rd,"Evanston, WY 82930-3094"
Gillette,211 Decker Court,"Gillette, WY 82716"
Jackson,1155 US-89,"Jackson, WY 83001"
"Laramie, WY",1673 Centennial Drive,"Laramie, WY 82070-8417"
"Lusk, WY",730 S Main St,"Lusk, WY 82225"
Rawlins,2370 E Cedar St.,"Rawlins, NY 82301-6026"
Rock Springs,2441 Foothill Blvd,"Rock Springs,  82901-5659"
Sheridan,612 North Main Street,"Sheridan, WY 82801"
